panchayat_id,name,block,district,lat,lon,primary_crop,elevation
GJ_AMD_DASK_001,Vasna,Daskroi,Ahmedabad,22.9,72.55,cotton,40
GJ_AMD_DASK_002,Ognaj,Daskroi,Ahmedabad,22.91,72.56,wheat,45
GJ_AMD_DASK_003,Narol,Daskroi,Ahmedabad,22.93,72.58,cotton,42
GJ_AMD_DASK_004,Motera,Daskroi,Ahmedabad,22.94,72.6,wheat,50
GJ_AMD_DASK_005,Chandkheda,Daskroi,Ahmedabad,22.96,72.61,cotton,48
GJ_AMD_DASK_006,Sargasan,Daskroi,Ahmedabad,22.98,72.63,wheat,55
GJ_AMD_DASK_007,Tragad,Daskroi,Ahmedabad,22.99,72.65,cotton,52
GJ_AMD_DASK_008,Ranip,Daskroi,Ahmedabad,23.01,72.66,wheat,58
GJ_AMD_DASK_009,Bopal,Daskroi,Ahmedabad,23.03,72.68,cotton,60
GJ_AMD_DASK_010,Ghuma,Daskroi,Ahmedabad,23.05,72.7,wheat,62
GJ_AMD_DHOL_001,Dholka,Dholka,Ahmedabad,22.7,72.4,bajra,40
GJ_AMD_DHOL_002,Bagodara,Dholka,Ahmedabad,22.72,72.42,groundnut,45
GJ_AMD_DHOL_003,Navagam,Dholka,Ahmedabad,22.74,72.44,bajra,42
GJ_AMD_DHOL_004,Limbodra,Dholka,Ahmedabad,22.75,72.45,groundnut,50
GJ_AMD_DHOL_005,Bhamod,Dholka,Ahmedabad,22.77,72.47,bajra,48
GJ_AMD_DHOL_006,Karjan,Dholka,Ahmedabad,22.78,72.49,groundnut,55
GJ_AMD_DHOL_007,Vautha,Dholka,Ahmedabad,22.8,72.5,bajra,52
GJ_AMD_DHOL_008,Ranpur,Dholka,Ahmedabad,22.82,72.52,groundnut,58
GJ_AMD_DHOL_009,Paliad,Dholka,Ahmedabad,22.84,72.54,bajra,60
GJ_AMD_DHOL_010,Bhurakhia,Dholka,Ahmedabad,22.85,72.55,groundnut,62
GJ_AMD_VIRA_001,Viramgam,Viramgam,Ahmedabad,23.05,72.0,cotton,40
GJ_AMD_VIRA_002,Zundal,Viramgam,Ahmedabad,23.07,72.02,bajra,45
GJ_AMD_VIRA_003,Kadi,Viramgam,Ahmedabad,23.09,72.04,cotton,42
GJ_AMD_VIRA_004,Thol,Viramgam,Ahmedabad,23.1,72.05,bajra,50
GJ_AMD_VIRA_005,Kalol,Viramgam,Ahmedabad,23.12,72.07,cotton,48
GJ_AMD_VIRA_006,Mahudi,Viramgam,Ahmedabad,23.14,72.09,bajra,55
GJ_AMD_VIRA_007,Akhaj,Viramgam,Ahmedabad,23.15,72.1,cotton,52
GJ_AMD_VIRA_008,Boriavi,Viramgam,Ahmedabad,23.17,72.12,bajra,58
GJ_AMD_VIRA_009,Nar,Viramgam,Ahmedabad,23.19,72.14,cotton,60
GJ_AMD_VIRA_010,Satlasana,Viramgam,Ahmedabad,23.2,72.15,bajra,62
GJ_AMD_SANA_001,Sanand,Sanand,Ahmedabad,22.95,72.35,groundnut,40
GJ_AMD_SANA_002,Changodar,Sanand,Ahmedabad,22.97,72.37,wheat,45
GJ_AMD_SANA_003,Nalsarovar,Sanand,Ahmedabad,22.99,72.39,groundnut,42
GJ_AMD_SANA_004,Bavla,Sanand,Ahmedabad,23.01,72.41,wheat,50
GJ_AMD_SANA_005,Rajpur,Sanand,Ahmedabad,23.02,72.42,groundnut,48
GJ_AMD_SANA_006,Sarkhej,Sanand,Ahmedabad,23.04,72.44,wheat,55
GJ_AMD_SANA_007,Lambha,Sanand,Ahmedabad,23.06,72.46,groundnut,52
GJ_AMD_SANA_008,Vatva,Sanand,Ahmedabad,23.08,72.48,wheat,58
GJ_AMD_SANA_009,Makarba,Sanand,Ahmedabad,23.09,72.49,groundnut,60
GJ_AMD_SANA_010,Juhapura,Sanand,Ahmedabad,23.1,72.5,wheat,62
GJ_AMD_MAND_001,Mandal,Mandal,Ahmedabad,23.28,71.91,cotton,65
GJ_AMD_MAND_002,Sher,Mandal,Ahmedabad,23.31,71.93,wheat,68
GJ_AMD_MAND_003,Ribadi,Mandal,Ahmedabad,23.3,71.89,cotton,66
GJ_AMD_MAND_004,Dalod,Mandal,Ahmedabad,23.26,71.9,bajra,64
GJ_AMD_MAND_005,Endla,Mandal,Ahmedabad,23.25,71.95,cotton,62
GJ_AMD_MAND_006,Rakhiyana,Mandal,Ahmedabad,23.23,71.92,wheat,60
GJ_AMD_MAND_007,Kanpura,Mandal,Ahmedabad,23.24,71.97,cotton,61
GJ_AMD_MAND_008,Vinchiya,Mandal,Ahmedabad,23.29,71.95,bajra,63
GJ_AMD_MAND_009,Dediyasan,Mandal,Ahmedabad,23.27,71.88,cotton,67
GJ_AMD_MAND_010,Dabhsar,Mandal,Ahmedabad,23.22,71.94,wheat,59
GJ_AMD_DETR_001,Detroj,Detroj,Ahmedabad,23.34,72.16,cotton,70
GJ_AMD_DETR_002,Bhavpura,Detroj,Ahmedabad,23.35,72.18,wheat,72
GJ_AMD_DETR_003,Katosan,Detroj,Ahmedabad,23.32,72.19,cotton,71
GJ_AMD_DETR_004,Bantavada,Detroj,Ahmedabad,23.36,72.14,bajra,69
GJ_AMD_DETR_005,Abhasana,Detroj,Ahmedabad,23.38,72.17,cotton,73
GJ_AMD_DETR_006,Dangarva,Detroj,Ahmedabad,23.31,72.12,wheat,68
GJ_AMD_DETR_007,Panar,Detroj,Ahmedabad,23.33,72.1,cotton,67
GJ_AMD_DETR_008,Odhav,Detroj,Ahmedabad,23.39,72.13,bajra,74
GJ_AMD_DETR_009,Nathpura,Detroj,Ahmedabad,23.37,72.2,cotton,75
GJ_AMD_DETR_010,Boska,Detroj,Ahmedabad,23.3,72.15,wheat,69
